-- --------------------------------------------------------

INSERT INTO `users` (`id`, `name`, `email`, `profile`, `role`, `email_verified_at`, `password`, `remember_token`, `created_at`, `updated_at`) VALUES
('0f3efd81-1d77-4471-a39a-6f5614ad6c8c', 'Akhila Zahra', 'akhilazahra@gmail.com', NULL, 'nannies', NULL, '$2y$10$Y7qo1SxDMeUeb.rcFxty1OuNwI0i2PpYap5J3nRFeR9h/DE19KmlS', NULL, '2025-02-01 02:22:36', '2025-02-01 02:22:36'),
('2c5c8e58-9a82-42ad-bf67-db85c60e2feb', 'Pagi Manis', 'pagimanis@gmail.com', NULL, 'daycare', NULL, '$2y$10$YmUbdU.Vvw9eDU2RKDCOuueVeDYuLNb8g.8twmDZvI3KSuQq75//O', NULL, '2025-01-21 01:53:43', '2025-01-21 01:53:43'),
('342bf49f-36ad-4df3-a226-aa3118386a5d', 'SALMAN', 'brilliahib21@gmail.com', 'public/profile/users/1739863457_5146A0F1-7B81-4870-901E-C35543AD2091.jpeg', 'user', NULL, '$2y$10$h5hs/IrDwRkYCUws2xSdq.1b8hFDkHDohDz1riNJVr5n0aPxZSp4O', NULL, '2025-01-21 09:11:49', '2025-02-18 09:51:24'),
('41e0a371-345c-41a2-a5d0-1e5def11852c', 'Happy Kids', 'happykids@gmail.com', NULL, 'daycare', NULL, '$2y$10$BnsAvGg0G0j8AFiqoJvMauAkEaZbdYsAw9EcqX7VdN7ik3GjzwGuO', NULL, '2025-02-17 12:06:47', '2025-02-17 12:06:47'),
('42cc36be-05be-47c4-bc39-56760821a96c', 'Akhila Zahra', 'akhilazahra03@gmail.com', NULL, 'nannies', NULL, '$2y$10$SSFxkRQ2Jc1/HCnLUrJileEtem/5fXSIGdP1HdUm5SlIuEJ/LJXY6', NULL, '2025-01-22 08:56:38', '2025-01-22 08:56:38'),
('4a242b2d-72c2-4fb1-a0fb-e0e1b1a2aff2', 'Paramita', 'paramita@gmail.com', NULL, 'daycare', NULL, '$2y$10$Mmlx.4hSC7EaTC8Wi6zPpOrcUOahyQqGmNm5zWCsV./cI5gGw9g6G', NULL, '2025-01-22 09:29:42', '2025-01-22 09:29:42'),
('5f09fa4f-8e68-41aa-a059-a320519b8a28', 'ranggo', 'ranggaaldianpradipa1@gmail.com', NULL, 'daycare', NULL, '$2y$10$JJ9JVssVnbmz3.1zRfXZAuY74c/Gz8MQqZkJWoe96Vg7/WR0aGOZ6', NULL, '2025-01-25 16:36:57', '2025-01-25 16:36:57'),
('87339d38-3fea-4a8b-8852-b50ee70d23fa', 'Regina Septianti Aris Rizqia', 'regina123@gmail.com', NULL, 'user', NULL, '$2y$10$Eyi5a3a3SjgEbIyLVhIfZO/oumQexhjkw8KbI1qekIdr49P.QVjuG', NULL, '2025-03-06 12:25:58', '2025-03-06 12:25:58'),
('93c395af-2b0e-4c57-87d9-20f56bfd1f83', 'Maryam', 'maryam123@gmail.com', NULL, 'daycare', NULL, '$2y$10$hPK65YJldxA5xdKBNq9xMOZeJI0tNthdaanufG1JWw3YQFY4nTggG', NULL, '2025-02-18 09:37:17', '2025-02-18 09:37:17'),
('978cc190-75a7-4aef-80fd-a634e46f357b', 'Admin', 'admin@gmail.com', NULL, 'admin', NULL, '$2y$10$YrRXSDHXMiEA9kQS3HQGwuwEcxO7PHBt2YoIme8Yr3QKOx7Dkgr2m', NULL, '2025-01-22 13:01:12', '2025-01-22 13:01:12'),
('cd2cfcb7-40a6-4dd5-adb4-f988d1b22913', 'namanama', 'coba123@gmail.com', NULL, 'user', NULL, '$2y$10$nQOqXGS6c335WHsVw.ngbukLDYrKkJJrwr/Sc0/9UAjTvpQAJJAU6', NULL, '2025-01-25 17:19:29', '2025-01-25 17:19:29'),
('f6607f4c-eb4f-4825-b5cc-48179e5e7a70', 'Regina', 'reginasptnt@gmail.com', NULL, 'user', NULL, '$2y$10$EbwAva1jXnttF1OlpWTLLuSXcT9pTOF7vV35M.eajAHNlE3VKs1ka', NULL, '2025-03-02 14:07:17', '2025-03-02 14:07:17');


INSERT INTO `article_types` (`id`, `name`, `created_at`, `updated_at`) VALUES
('761119b8-30c8-486d-a781-4af7d8a0c613', 'daycare', '2025-01-25 17:15:11', '2025-01-25 17:15:11'),
('a9416a3b-627d-4e94-9359-8a2df1f4ba3e', 'Education', '2025-01-24 16:57:33', '2025-01-24 16:57:33');

--
-- Table structure for table `articles`
--

INSERT INTO `articles` (`id`, `article_type_id`, `title`, `slug`, `image`, `content`, `created_at`, `updated_at`) VALUES
('94c7b1cf-837d-4839-914f-be9206b4ca86', 'a9416a3b-627d-4e94-9359-8a2df1f4ba3e', 'Why Social Interaction in Daycare Is Crucial for Children', 'why-social-interaction-in-daycare-is-crucial-for-children', 'public/article/1737738143_facility-6.jpg', '<p>Social interaction is one of the most important aspects of a child’s development, and daycare provides an excellent environment for fostering these skills. In a daycare setting, children are exposed to peers of various ages and backgrounds, allowing them to learn how to communicate, cooperate, and build relationships. These early interactions help lay the foundation for emotional intelligence and teamwork, both of which are essential skills for success in school and later in life.</p><p><br></p><p>One key benefit of social interaction in daycare is the development of language skills. When children engage in conversations with their peers and caregivers, they expand their vocabulary, improve sentence structure, and gain confidence in expressing themselves. Activities like group storytelling, singing, and role-playing games encourage communication in a fun and supportive way.</p><p><br></p><p>Daycare also teaches children how to navigate group dynamics. Through shared playtime and collaborative tasks, they learn important concepts like sharing, taking turns, and resolving conflicts. These experiences help children develop empathy and understanding, which are critical for building positive relationships. Additionally, interacting with a diverse group of peers introduces children to different perspectives, fostering inclusivity and respect for others.</p><p><br></p><p>Moreover, social interactions in daycare help children build emotional resilience. They experience moments of triumph, like completing a group project, as well as challenges, such as negotiating disagreements with friends. With the guidance of caregivers, children learn how to manage their emotions and develop problem-solving skills, preparing them for the complexities of social life as they grow older.</p><p><br></p><p>In conclusion, daycare provides a unique opportunity for children to develop essential social skills in a structured and supportive environment. By learning to communicate, cooperate, and empathize with others, children gain the tools they need to thrive not only in their educational journey but also in their future personal and professional relationships. Parents can feel confident knowing that the social experiences their children gain in daycare will positively shape their growth and character.</p>', '2025-01-24 17:02:23', '2025-01-24 17:02:23'),
('c97d404f-873b-431e-a7a1-8030f0fee873', 'a9416a3b-627d-4e94-9359-8a2df1f4ba3e', 'The Different Types of Daycare and How to Choose the Right One', 'the-different-types-of-daycare-and-how-to-choose-the-right-one', 'public/article/1737738053_facility-2.png', '<p>Daycare is an essential service for many families, providing a safe and nurturing environment for children while parents work or manage other responsibilities. However, not all daycare options are the same. Understanding the different types of daycare can help parents make informed decisions about the best fit for their child’s needs and family lifestyle.</p><p>The most common type is <strong>center-based daycare</strong>, which operates in a professional setting with structured programs and trained staff. These centers often follow a set curriculum that promotes early learning, socialization, and motor skill development through activities like arts, storytelling, and group play. Center-based daycare is ideal for parents seeking a highly organized environment with reliable schedules.</p><p><br></p><p>Another option is <strong>home-based daycare</strong>, where caregivers run programs from their own homes. These settings tend to be smaller and more intimate, offering a family-like atmosphere that may be comforting for younger children. Home-based daycare can be a great choice for parents who value close, personalized attention and flexible routines.</p><p>For parents who prefer a more educational focus, <strong>Montessori or Waldorf-inspired daycare programs</strong> provide an alternative. These approaches emphasize child-led learning, creativity, and exploration. Montessori programs, for instance, use hands-on materials to teach practical life skills and foster independence. Such specialized daycares can be beneficial for children with a strong curiosity and eagerness to explore.</p><p><br></p><p>Parents of children with specific needs, such as developmental delays or medical conditions, might consider <strong>specialized daycare programs</strong>. These centers are equipped with trained staff and resources to provide the necessary care and support.</p><p><br></p><p>When choosing a daycare, it’s crucial to evaluate factors such as caregiver qualifications, safety standards, the child-to-staff ratio, and the overall environment. Visiting the daycare and observing its daily routines can provide valuable insights. Parents should also consider their child’s personality and developmental needs. Some children thrive in a bustling, structured environment, while others do better in smaller, quieter settings.</p><p><br></p><p>In conclusion, selecting the right daycare requires careful consideration of the child’s unique needs and the family’s priorities. By understanding the different types of daycare available, parents can find an option that supports their child’s growth, development, and well-being while giving them peace of mind.</p>', '2025-01-24 17:00:53', '2025-01-24 17:00:53'),
('cedb8474-35b3-4264-9520-7a8d96fc59d7', 'a9416a3b-627d-4e94-9359-8a2df1f4ba3e', 'Daycare and Its Impact on Cognitive Development', 'daycare-and-its-impact-on-cognitive-development', 'public/article/1737738199_facility-5.jpg', '<p>Daycare is more than just a solution for working parents; it plays a significant role in shaping a child’s cognitive development. During the early years of life, a child’s brain undergoes rapid growth, and stimulating environments like daycare centers can support this process. Activities designed to engage children’s curiosity and problem-solving skills, such as puzzles, storytelling, and creative play, help lay the groundwork for critical thinking and learning.</p><p><br></p><p>In a quality daycare setting, children are exposed to structured routines that include both educational and recreational activities. These routines promote focus, memory, and organizational skills. For example, storytime enhances listening and comprehension abilities, while games that involve matching or counting introduce mathematical concepts in an interactive way. Caregivers often encourage exploration and experimentation, fostering a love of learning that can benefit children as they transition into school.</p><p><br></p><p>Furthermore, daycare programs often provide opportunities for collaborative learning, where children work together to solve problems or complete tasks. This not only enhances cognitive abilities but also builds social skills, as children learn to communicate and share ideas effectively. Research suggests that children who attend high-quality daycare are more likely to develop advanced language and problem-solving skills compared to those who stay in less stimulating environments.</p><p><br></p><p>Parents can maximize the cognitive benefits of daycare by choosing centers that focus on early childhood education and employ trained caregivers. It’s important to look for programs that balance structured learning with free play, as both are essential for brain development.</p><p><br></p><p>In conclusion, daycare is a valuable resource for fostering cognitive growth during the crucial early years of a child’s life. By providing engaging, educational experiences in a nurturing environment, daycare centers help children build the skills they need for academic success and lifelong learning. Parents can rest assured that enrolling their children in a quality daycare program is an investment in their child’s future potential.</p>', '2025-01-24 17:03:19', '2025-01-24 17:03:19'),
('dd505cc1-00ea-44d2-bd78-4b2453905f6c', 'a9416a3b-627d-4e94-9359-8a2df1f4ba3e', 'How Daycare Supports Early Childhood Education', 'how-daycare-supports-early-childhood-education', 'public/article/1737737961_facility-1.png', '<p>Daycare plays a vital role in shaping a child’s early learning journey, offering much more than just supervision. In a well-designed daycare program, children are exposed to an environment that encourages exploration, creativity, and foundational learning. Through age-appropriate activities such as storytelling, arts and crafts, and group play, children develop critical thinking, motor skills, and social interaction abilities. These experiences help build their confidence and foster a love for learning from an early age.</p><p><br></p><p>Additionally, many daycares incorporate early education curriculums that introduce basic concepts in literacy, numeracy, and problem-solving in a playful and engaging way. For example, children might learn to recognize shapes and colors during art sessions or practice counting through songs and games. These hands-on activities help solidify important skills while keeping children entertained. Caregivers and educators at daycare centers are trained to observe and support each child’s individual needs, ensuring that they feel secure, included, and valued.</p><p><br></p><p>Another significant benefit of daycare is its role in fostering emotional and social development. By interacting with peers in a controlled setting, children learn essential life skills such as sharing, taking turns, and resolving conflicts. These interactions teach them how to navigate relationships and build empathy, skills that are crucial as they grow older. Furthermore, structured routines at daycare centers help children adapt to schedules, follow instructions, and manage transitions—skills that ease their eventual transition into formal schooling.</p><p><br></p><p>Daycares also come in various forms, such as traditional daycare centers, home-based daycares, and specialized programs like Montessori or Waldorf-inspired approaches, each offering unique benefits. Parents are encouraged to evaluate the staff qualifications, safety standards, child-to-caregiver ratios, and curriculum of potential daycares to ensure their child receives the best possible experience.</p><p><br></p><p>In conclusion, a quality daycare provides children with a secure, nurturing environment where they can develop essential cognitive, social, and emotional skills while exploring their natural curiosity. By combining care with early education, daycare sets the stage for lifelong learning and success, offering both children and their families invaluable support during the critical early years of development.</p>', '2025-01-24 16:59:21', '2025-01-24 16:59:21');


-- --------------------------------------------------------

--
-- Dumping data for table `daycares`
--

INSERT INTO `daycares` (`id`, `user_id`, `name`, `images`, `description`, `opening_hours`, `closing_hours`, `opening_days`, `phone_number`, `rating`, `reviewers_count`, `location`, `longitude`, `latitude`, `address`, `location_tracking`, `is_disability`, `bank_account`, `bank_account_number`, `bank_account_name`, `created_at`, `updated_at`) VALUES
('05bec407-cf32-4f37-a80b-bc2d9dcb8013', '2c5c8e58-9a82-42ad-bf67-db85c60e2feb', 'Pagi Manis', 'public/daycare/1737449729_pagi manis.jpeg', 'Paramita Daycare is a trusted childcare facility located at Jl. Bukit Bougenvile Raya, Sendangmulyo, Tembalang District, Semarang City, Central Java 50272. Designed to provide a nurturing and stimulating environment, the daycare offers a comprehensive program that combines educational activities, creative play, and social-emotional learning to support children’s growth and development. With a team of experienced and caring professionals, Paramita Daycare ensures the safety, well-being, and happiness of every child in its care. The facility features well-equipped classrooms, a safe outdoor play area, and age-appropriate learning materials to foster curiosity and exploration. Conveniently situated in the heart of Tembalang, it provides parents peace of mind knowing their children are in a secure, enriching environment that emphasizes personalized care and open communication.', '08:00:00', '17:00:00', 'Senin - Jumat', '08132749872', 5.0, 1, 'Kota Semarang', 110.443209283950610, -7.059071138319458, 'Jl. Bukit Bougenvile Raya, Sendangmulyo, Tembalang District, Semarang City, Central Java 50272', '1km dari Universitas Diponegoro', 0, 'BRI', '12345678', 'Pagi Manis', '2025-01-21 01:55:29', '2025-01-21 10:26:22'),
('6497e0d2-750b-42a1-b381-7906210f407a', '4a242b2d-72c2-4fb1-a0fb-e0e1b1a2aff2', 'Paramita', 'public/daycare/1737734070_Paramita.png', 'testing aja brok', '22:44:00', '23:44:00', 'Senin - Jumat', '08176483456', 3.5, 2, 'Kota Semarang', 110.389935930486590, -7.810793675240960, 'gatau', '1 Km dari Universitas Diponegoro', 1, 'BRI', '323823742819', 'Paramita Daycare', '2025-01-24 15:54:30', '2025-02-17 15:00:12'),
('eb0c84f6-aef4-4fa7-945e-4e303bc33a0f', '93c395af-2b0e-4c57-87d9-20f56bfd1f83', 'Maryam', 'public/daycare/1739872037_Undip Logo.png', 'nqnti', '08:00:00', '17:00:00', 'Senin - Jumat', '08176483456', 5.0, 1, 'Kota Semarang', 110.474466800000000, -7.038869800000000, 'meteseg', '1 Km dari Universitas Diponegoro', 1, 'Mandiri', '323823742819', 'Maryam', '2025-02-18 09:47:17', '2025-02-18 09:52:51');

-- --------------------------------------------------------

--
-- Dumping data for table `daycare_price_lists`
--

INSERT INTO `daycare_price_lists` (`id`, `daycare_id`, `age_start`, `age_end`, `name`, `price`, `created_at`, `updated_at`) VALUES
('63dc51fb-18c1-42a8-a5f0-879594f72484', '6497e0d2-750b-42a1-b381-7906210f407a', '12 Bulan', '24 Bulan', 'Sehari Penuh', 480085, '2025-01-24 15:54:30', '2025-01-24 15:54:30'),
('7a5b3759-decf-4c85-97d8-a3a9b805c788', '05bec407-cf32-4f37-a80b-bc2d9dcb8013', '11', '20', 'Harga Sehari Penuh', 150000, '2025-01-21 01:55:29', '2025-01-21 01:55:29'),
('7cb16d46-75ad-41f3-8997-94cd717a34b1', 'eb0c84f6-aef4-4fa7-945e-4e303bc33a0f', '12 Bulan', '24 Bulan', 'Setengah Hari', 120000, '2025-02-18 09:47:17', '2025-02-18 09:47:17'),
('832605e5-becc-4ae8-a1f5-a8b5c5c850de', '6497e0d2-750b-42a1-b381-7906210f407a', '12 Bulan', '24 Bulan', 'Setengah Hari', 240000, '2025-01-24 15:54:30', '2025-01-24 15:54:30'),
('9519be88-abc4-42df-9b1a-68b8b04e589e', 'eb0c84f6-aef4-4fa7-945e-4e303bc33a0f', '12 Bulan', '24 Bulan', 'Sehari Penuh', 240036, '2025-02-18 09:47:17', '2025-02-18 09:47:17'),
('cfa25a3a-38ba-4c2b-b5a2-d44aa02fbbf6', '05bec407-cf32-4f37-a80b-bc2d9dcb8013', '5', '10', 'Harga Setengah Hari', 120000, '2025-01-21 01:55:29', '2025-01-21 01:55:29');

-- --------------------------------------------------------

--
-- Dumping data for table `facility_daycare_images`
--

INSERT INTO `facility_daycare_images` (`id`, `daycare_id`, `image_url`, `created_at`, `updated_at`) VALUES
('1b7bab4c-30a8-4fc6-9725-f338178b4112', '6497e0d2-750b-42a1-b381-7906210f407a', 'public/daycare/facility/1737734070_facility-4.jpg', '2025-01-24 15:54:30', '2025-01-24 15:54:30'),
('460a8586-28d6-4a4a-a2c9-c486722aab78', '05bec407-cf32-4f37-a80b-bc2d9dcb8013', 'public/daycare/facility/1737449729_facility-5.jpg', '2025-01-21 01:55:29', '2025-01-21 01:55:29'),
('476386bc-b97f-46c1-83b0-e03dca5090e8', 'eb0c84f6-aef4-4fa7-945e-4e303bc33a0f', 'public/daycare/facility/1739872037_facility-6.jpg', '2025-02-18 09:47:17', '2025-02-18 09:47:17'),
('7aa5271d-c955-466d-a3a1-74d800d5cfaf', '05bec407-cf32-4f37-a80b-bc2d9dcb8013', 'public/daycare/facility/1737449729_facility-4.jpg', '2025-01-21 01:55:29', '2025-01-21 01:55:29'),
('a08bf5ee-a74c-4247-bb11-b9b7aaabb325', '6497e0d2-750b-42a1-b381-7906210f407a', 'public/daycare/facility/1737734070_facility-6.jpg', '2025-01-24 15:54:30', '2025-01-24 15:54:30'),
('a705bd00-7eca-429c-a8e6-e9218b52dab0', '05bec407-cf32-4f37-a80b-bc2d9dcb8013', 'public/daycare/facility/1737449729_facility-6.jpg', '2025-01-21 01:55:29', '2025-01-21 01:55:29'),
('b610f1b1-2e14-4c33-9dbb-7d921053c4b9', '6497e0d2-750b-42a1-b381-7906210f407a', 'public/daycare/facility/1737734070_facility-5.jpg', '2025-01-24 15:54:30', '2025-01-24 15:54:30'),
('f24b2794-f440-4ac3-a6b5-2ee9e88a0778', 'eb0c84f6-aef4-4fa7-945e-4e303bc33a0f', 'public/daycare/facility/1739872037_facility-5.jpg', '2025-02-18 09:47:17', '2025-02-18 09:47:17'),
('faaee17b-0a52-4b56-b420-7d7fa3b6029e', 'eb0c84f6-aef4-4fa7-945e-4e303bc33a0f', 'public/daycare/facility/1739872037_facility-4.jpg', '2025-02-18 09:47:17', '2025-02-18 09:47:17');


INSERT INTO `reviews` (`id`, `daycare_id`, `user_id`, `rating`, `comment`, `created_at`, `updated_at`) VALUES
('4d0c4d17-c395-4364-ba5a-b8977d8e9222', '6497e0d2-750b-42a1-b381-7906210f407a', '5f09fa4f-8e68-41aa-a059-a320519b8a28', 2.0, 'komen', '2025-01-25 16:45:55', '2025-01-25 16:45:55'),
('8baa449d-6bd4-455e-8fa8-fa8db4046e94', 'eb0c84f6-aef4-4fa7-945e-4e303bc33a0f', '342bf49f-36ad-4df3-a226-aa3118386a5d', 5.0, 'keren', '2025-02-18 09:52:51', '2025-02-18 09:52:51'),
('d513cef9-0104-45da-923c-e5d6e7a04d3e', '05bec407-cf32-4f37-a80b-bc2d9dcb8013', '342bf49f-36ad-4df3-a226-aa3118386a5d', 5.0, 'keren banget', '2025-01-21 10:26:22', '2025-01-21 10:26:22'),
('e838c4eb-60bc-4536-b409-0bc8e3809228', '6497e0d2-750b-42a1-b381-7906210f407a', '41e0a371-345c-41a2-a5d0-1e5def11852c', 5.0, 'happy kids nih bos', '2025-02-17 15:00:12', '2025-02-17 15:00:12');
-- --------------------------------------------------------


INSERT INTO `booking_daycares` (`id`, `user_id`, `daycare_id`, `price_id`, `name_babies`, `age_babies`, `special_request`, `start_time`, `end_time`, `payment_proof`, `payment_method`, `payment_status`, `created_at`, `updated_at`) VALUES
('27cf9d8a-7b8d-41c8-9137-f67615fdef92', '342bf49f-36ad-4df3-a226-aa3118386a5d', '05bec407-cf32-4f37-a80b-bc2d9dcb8013', '7a5b3759-decf-4c85-97d8-a3a9b805c788', 'Moca', 21, 'nothinggggg', '2025-01-22 23:24:00', '2025-01-23 23:24:00', 'public/daycares/payment/1737563689_algoritm.jpg', NULL, 'pending', '2025-01-22 16:24:32', '2025-01-22 16:34:49'),
('3aceeb83-d662-4272-bb51-74fce8b3a669', '342bf49f-36ad-4df3-a226-aa3118386a5d', '05bec407-cf32-4f37-a80b-bc2d9dcb8013', '7a5b3759-decf-4c85-97d8-a3a9b805c788', 'John Doe', 3, 'Needs extra care for feeding.', '2024-10-26 08:00:00', '2024-10-26 12:00:00', NULL, 'credit_card', 'paid', '2025-01-21 09:21:38', '2025-01-21 09:58:03'),
('3e8ed369-2973-47c0-8080-016399ddb0c4', '342bf49f-36ad-4df3-a226-aa3118386a5d', '05bec407-cf32-4f37-a80b-bc2d9dcb8013', '7a5b3759-decf-4c85-97d8-a3a9b805c788', 'Moca', 19, '123455', '2025-01-22 23:23:00', '2025-01-23 23:23:00', NULL, NULL, 'pending', '2025-01-22 16:23:23', '2025-01-22 16:23:23'),
('49b6cfa0-7949-4735-839f-f1993556ebce', '342bf49f-36ad-4df3-a226-aa3118386a5d', 'eb0c84f6-aef4-4fa7-945e-4e303bc33a0f', '7cb16d46-75ad-41f3-8997-94cd717a34b1', 'halo', 13, 'shhshshs', '2025-02-18 16:49:00', '2025-02-19 16:49:00', NULL, NULL, 'pending', '2025-02-18 09:49:55', '2025-02-18 09:49:55'),
('54e61caa-0cef-4c96-a876-a8c3c3b2970b', '342bf49f-36ad-4df3-a226-aa3118386a5d', '05bec407-cf32-4f37-a80b-bc2d9dcb8013', '7a5b3759-decf-4c85-97d8-a3a9b805c788', 'Moca', 18, 'nothing', '2025-01-23 16:24:00', '2025-01-24 16:24:00', NULL, NULL, 'pending', '2025-01-23 09:24:13', '2025-01-23 09:24:13'),
('57945232-e00f-4c91-adea-2926920a235e', '342bf49f-36ad-4df3-a226-aa3118386a5d', '05bec407-cf32-4f37-a80b-bc2d9dcb8013', '7a5b3759-decf-4c85-97d8-a3a9b805c788', 'Moca', 19, 'nothing', '2025-01-22 23:23:00', '2025-01-23 23:23:00', NULL, NULL, 'pending', '2025-01-22 16:24:01', '2025-01-22 16:24:01'),
('60431a56-ffa7-4529-932c-145ca7b4dbf5', '342bf49f-36ad-4df3-a226-aa3118386a5d', '05bec407-cf32-4f37-a80b-bc2d9dcb8013', '7a5b3759-decf-4c85-97d8-a3a9b805c788', 'Muhammad Ahib Ibrilli', 8, 'Needs extra care for feeding.', '2024-10-26 08:00:00', '2024-10-26 12:00:00', NULL, 'credit_card', 'pending', '2025-01-21 09:59:36', '2025-01-22 13:09:02'),
('666c8eb5-117e-405a-8a8d-34880fc78170', '342bf49f-36ad-4df3-a226-aa3118386a5d', '05bec407-cf32-4f37-a80b-bc2d9dcb8013', '7a5b3759-decf-4c85-97d8-a3a9b805c788', 'Mulawarman', 16, 'nothing', '2025-01-22 23:23:00', '2025-01-23 23:23:00', NULL, NULL, 'pending', '2025-01-22 16:23:08', '2025-01-22 16:23:08'),
('6dc3eb37-ba3a-4c08-9ed6-f461a996afab', '342bf49f-36ad-4df3-a226-aa3118386a5d', '05bec407-cf32-4f37-a80b-bc2d9dcb8013', '7a5b3759-decf-4c85-97d8-a3a9b805c788', 'Brilli Ganteng', 8, 'Needs extra care for feeding.', '2024-10-26 08:00:00', '2024-10-26 12:00:00', NULL, 'credit_card', 'paid', '2025-01-21 10:03:38', '2025-01-21 10:04:07'),
('76366107-a813-4867-9b05-f8e39c9c05a6', '342bf49f-36ad-4df3-a226-aa3118386a5d', '05bec407-cf32-4f37-a80b-bc2d9dcb8013', 'cfa25a3a-38ba-4c2b-b5a2-d44aa02fbbf6', 'Moca', 19, 'beli makan dong', '2025-01-22 23:23:00', '2025-01-23 23:23:00', NULL, NULL, 'pending', '2025-01-22 16:23:43', '2025-01-22 16:23:43'),
('877a4d19-0602-43af-ba6a-4271712b2d60', '342bf49f-36ad-4df3-a226-aa3118386a5d', '05bec407-cf32-4f37-a80b-bc2d9dcb8013', '7a5b3759-decf-4c85-97d8-a3a9b805c788', 'Muhammad Ahib Ibiyi', 12, 'nothing', '2025-01-23 08:58:00', '2025-01-23 17:58:00', NULL, NULL, 'pending', '2025-01-22 08:06:49', '2025-01-22 08:06:49'),
('9380a704-862b-4aad-bd0f-9f445b199f04', '342bf49f-36ad-4df3-a226-aa3118386a5d', 'eb0c84f6-aef4-4fa7-945e-4e303bc33a0f', '7cb16d46-75ad-41f3-8997-94cd717a34b1', 'brilly', 8, 'alergi udang', '2025-02-18 16:53:00', '2025-02-19 16:53:00', NULL, NULL, 'pending', '2025-02-18 09:54:04', '2025-02-18 09:54:04'),
('a407270d-eac9-4b0b-86df-85da73fbe42c', '342bf49f-36ad-4df3-a226-aa3118386a5d', '05bec407-cf32-4f37-a80b-bc2d9dcb8013', '7a5b3759-decf-4c85-97d8-a3a9b805c788', 'Muhammad Ahib Ibiyi', 10, 'Jangan lupa diajak main ya bun', '2025-01-22 08:00:00', '2025-01-22 17:00:00', NULL, NULL, 'pending', '2025-01-21 10:43:02', '2025-01-21 10:43:02'),
('ab8def1d-7f9d-46a5-bcc8-569bb4d34f9a', '5f09fa4f-8e68-41aa-a059-a320519b8a28', '6497e0d2-750b-42a1-b381-7906210f407a', '63dc51fb-18c1-42a8-a5f0-879594f72484', 'ald', 1, 'ads', '2025-01-25 23:43:00', '2025-01-26 23:43:00', NULL, NULL, 'pending', '2025-01-25 16:44:29', '2025-01-25 16:44:29'),
('c50eeb42-a76f-416c-af40-29975e9d1e72', '342bf49f-36ad-4df3-a226-aa3118386a5d', '05bec407-cf32-4f37-a80b-bc2d9dcb8013', '7a5b3759-decf-4c85-97d8-a3a9b805c788', 'Akhila Zahra', 18, 'nothing', '2025-01-22 23:22:00', '2025-01-23 23:22:00', NULL, NULL, 'pending', '2025-01-22 16:22:41', '2025-01-22 16:22:41');
